step,loss
0.0,0.5763
1.0,0.7678
2.0,0.4281
3.0,0.376
4.0,0.4059
5.0,0.3687
6.0,0.4066
7.0,0.3155
8.0,0.4137
9.0,0.2432
10.0,0.2381
11.0,0.289
12.0,0.1362
13.0,0.2237
14.0,0.262
15.0,0.1875
16.0,0.219
17.0,0.1821
18.0,0.2117
19.0,0.2621
20.0,0.1568
21.0,0.2052
22.0,0.2283
23.0,0.1426
24.0,0.1793
25.0,0.1192
26.0,0.1483
27.0,0.1999
28.0,0.1273
29.0,0.1185
30.0,0.1858
31.0,0.1555
32.0,0.1444
33.0,0.1213
34.0,0.132
35.0,0.1267
36.0,0.0932
37.0,0.1269
38.0,0.1274
39.0,0.1192
40.0,0.0982
41.0,0.1179
42.0,0.1439
43.0,0.1366
44.0,0.0889
45.0,0.0852
46.0,0.0966
47.0,0.1181
48.0,0.1168
49.0,0.1016
50.0,0.0862
51.0,0.1242
52.0,0.0756
53.0,0.0925
54.0,0.061
55.0,0.1139
56.0,0.0924
57.0,0.0992
58.0,0.1143
59.0,0.0818
60.0,0.0593
61.0,0.0881
62.0,0.0945
63.0,0.0955
64.0,0.0911
65.0,0.0921
66.0,0.106
67.0,0.0649
68.0,0.0921
69.0,0.0755
70.0,0.0875
71.0,0.0722
72.0,0.1008
73.0,0.1044
74.0,0.0752
75.0,0.0731
76.0,0.0717
77.0,0.1224
78.0,0.0808
79.0,0.0642
80.0,0.0626
81.0,0.086
82.0,0.0812
83.0,0.0857
84.0,0.0969
85.0,0.0838
86.0,0.0679
87.0,0.094
88.0,0.1207
89.0,0.0501
90.0,0.0725
91.0,0.0973
92.0,0.0697
93.0,0.0663
94.0,0.062
95.0,0.0804
96.0,0.0804
97.0,0.061
98.0,0.0692
99.0,0.0759
100.0,0.11
101.0,0.0745
102.0,0.0592
103.0,0.0587
104.0,0.0739
105.0,0.0825
106.0,0.083
107.0,0.0628
108.0,0.0761
109.0,0.1195
110.0,0.0708
111.0,0.0746
112.0,0.0895
113.0,0.0653
114.0,0.0864
115.0,0.0633
116.0,0.077
117.0,0.092
118.0,0.0702
119.0,0.0887
120.0,0.073
121.0,0.0703
122.0,0.0777
123.0,0.0702
124.0,0.0745
125.0,0.0704
126.0,0.0731
127.0,0.0593
128.0,0.0619
129.0,0.0651
130.0,0.0465
131.0,0.0863
132.0,0.0694
133.0,0.0602
134.0,0.0585
135.0,0.0637
136.0,0.0491
137.0,0.0417
138.0,0.0675
139.0,0.0596
140.0,0.0527
141.0,0.0772
142.0,0.0548
143.0,0.0655
144.0,0.1144
145.0,0.0448
146.0,0.073
147.0,0.0562
148.0,0.0591
149.0,0.0595
150.0,0.0541
151.0,0.0761
152.0,0.0607
153.0,0.0577
154.0,0.0516
155.0,0.0855
156.0,0.0608
157.0,0.0628
158.0,0.0546
159.0,0.077
160.0,0.0359
161.0,0.0504
162.0,0.05
163.0,0.0546
164.0,0.0548
165.0,0.094
166.0,0.0476
167.0,0.0639
168.0,0.0585
169.0,0.0642
170.0,0.0665
171.0,0.0704
172.0,0.0486
173.0,0.0471
174.0,0.0434
175.0,0.0506
176.0,0.0446
177.0,0.0608
178.0,0.0503
179.0,0.0435
180.0,0.046
181.0,0.0482
182.0,0.0536
183.0,0.0553
184.0,0.0729
185.0,0.0608
186.0,0.0553
187.0,0.0798
188.0,0.0634
189.0,0.0598
190.0,0.0466
191.0,0.0569
192.0,0.0566
193.0,0.054
194.0,0.0685
195.0,0.0348
196.0,0.0484
197.0,0.0544
198.0,0.0428
199.0,0.0486
200.0,0.0624
201.0,0.0537
202.0,0.0549
203.0,0.0633
204.0,0.0487
205.0,0.0446
206.0,0.0645
207.0,0.0463
208.0,0.0604
209.0,0.0631
210.0,0.0497
211.0,0.0432
212.0,0.0505
213.0,0.058
214.0,0.0461
215.0,0.0496
216.0,0.0571
217.0,0.0657
218.0,0.073
219.0,0.0417
220.0,0.0491
221.0,0.0504
222.0,0.0598
223.0,0.0776
224.0,0.0599
225.0,0.0536
226.0,0.0505
227.0,0.0559
228.0,0.0553
229.0,0.0456
230.0,0.0531
231.0,0.0577
232.0,0.0492
233.0,0.0565
234.0,0.0552
235.0,0.034
236.0,0.0761
237.0,0.0457
238.0,0.0718
239.0,0.0454
240.0,0.0471
241.0,0.0572
242.0,0.0675
243.0,0.0572
244.0,0.0506
245.0,0.0562
246.0,0.0466
247.0,0.0355
248.0,0.0432
249.0,0.0788
250.0,0.0582
251.0,0.0441
252.0,0.0469
253.0,0.0484
254.0,0.0482
255.0,0.0499
256.0,0.0618
257.0,0.0556
258.0,0.0558
259.0,0.0527
260.0,0.0608
261.0,0.0626
262.0,0.0426
263.0,0.0672
264.0,0.061
265.0,0.0386
266.0,0.0481
267.0,0.042
268.0,0.0391
269.0,0.0554
270.0,0.0429
271.0,0.0499
272.0,0.0445
273.0,0.0552
274.0,0.0476
275.0,0.0487
276.0,0.0473
277.0,0.0451
278.0,0.0851
279.0,0.0661
280.0,0.0436
281.0,0.0633
282.0,0.0488
283.0,0.0427
284.0,0.0498
285.0,0.0352
286.0,0.051
287.0,0.0368
288.0,0.0439
289.0,0.0416
290.0,0.0608
291.0,0.0384
292.0,0.0472
293.0,0.0374
294.0,0.068
295.0,0.0463
296.0,0.0467
297.0,0.0714
298.0,0.0367
299.0,0.0681
300.0,0.055
301.0,0.0411
302.0,0.0456
303.0,0.039
304.0,0.0547
305.0,0.0454
306.0,0.0381
307.0,0.035
308.0,0.0424
309.0,0.0576
310.0,0.0388
311.0,0.0366
312.0,0.0522
313.0,0.0478
314.0,0.0474
315.0,0.0591
316.0,0.0364
317.0,0.0699
318.0,0.0438
319.0,0.0442
320.0,0.0501
321.0,0.0473
322.0,0.0244
323.0,0.0499
324.0,0.0332
325.0,0.0492
326.0,0.0322
327.0,0.0428
328.0,0.0374
329.0,0.0607
330.0,0.0461
331.0,0.0517
332.0,0.0328
333.0,0.035
334.0,0.0318
335.0,0.0387
336.0,0.0454
337.0,0.0684
338.0,0.0377
339.0,0.0561
340.0,0.0482
341.0,0.0418
342.0,0.0409
343.0,0.0641
344.0,0.0491
345.0,0.0574
346.0,0.0441
347.0,0.0375
348.0,0.0484
349.0,0.0547
350.0,0.0433
351.0,0.0485
352.0,0.0528
353.0,0.0373
354.0,0.0611
355.0,0.0456
356.0,0.0445
357.0,0.0503
358.0,0.0439
359.0,0.0385
360.0,0.0566
361.0,0.0506
362.0,0.0374
363.0,0.0458
364.0,0.0355
365.0,0.0388
366.0,0.0508
367.0,0.057
368.0,0.0381
369.0,0.0512
370.0,0.0671
371.0,0.0619
372.0,0.0513
373.0,0.063
374.0,0.0464
375.0,0.0532
376.0,0.0312
377.0,0.0443
378.0,0.0392
379.0,0.0584
380.0,0.0415
381.0,0.0399
382.0,0.0356
383.0,0.0375
384.0,0.0424
385.0,0.0577
386.0,0.0322
387.0,0.044
388.0,0.0488
389.0,0.0389
390.0,0.045
391.0,0.035
392.0,0.0336
393.0,0.0516
394.0,0.0285
395.0,0.0303
396.0,0.0489
397.0,0.0433
398.0,0.0394
399.0,0.0358
400.0,0.0591
401.0,0.044
402.0,0.0411
403.0,0.0552
404.0,0.042
405.0,0.0541
406.0,0.0481
407.0,0.0429
408.0,0.0553
409.0,0.0414
410.0,0.0523
411.0,0.0441
412.0,0.0533
413.0,0.0339
414.0,0.0455
415.0,0.0523
416.0,0.0459
417.0,0.0326
418.0,0.0386
419.0,0.039
420.0,0.0311
421.0,0.0629
422.0,0.0329
423.0,0.0366
424.0,0.0313
425.0,0.0423
426.0,0.0674
427.0,0.0378
428.0,0.0334
429.0,0.0593
430.0,0.0348
431.0,0.0347
432.0,0.0432
433.0,0.047
434.0,0.0437
435.0,0.0429
436.0,0.0736
437.0,0.0455
438.0,0.0372
439.0,0.0489
440.0,0.0413
441.0,0.0407
442.0,0.0448
443.0,0.0404
444.0,0.0435
445.0,0.0393
446.0,0.0642
447.0,0.0466
448.0,0.0467
449.0,0.0431
450.0,0.0573
451.0,0.0361
452.0,0.0538
453.0,0.0462
454.0,0.063
455.0,0.0516
456.0,0.0454
457.0,0.0466
458.0,0.0435
459.0,0.0462
460.0,0.0445
461.0,0.0353
462.0,0.0552
463.0,0.0383
464.0,0.0569
465.0,0.0592
466.0,0.0474
467.0,0.0528
468.0,0.0643
469.0,0.0522
470.0,0.0434
471.0,0.0407
472.0,0.0333
473.0,0.0565
474.0,0.0349
475.0,0.0519
476.0,0.0685
477.0,0.0582
478.0,0.0485
479.0,0.0443
480.0,0.0325
481.0,0.0544
482.0,0.0396
483.0,0.0369
484.0,0.0427
485.0,0.0413
486.0,0.0546
487.0,0.039
488.0,0.0411
489.0,0.0488
490.0,0.0382
491.0,0.0396
492.0,0.0411
493.0,0.0399
494.0,0.046
495.0,0.0577
496.0,0.0463
497.0,0.0514
498.0,0.0437
499.0,0.0552
500.0,0.0471
501.0,0.0372
502.0,0.0318
503.0,0.0504
504.0,0.0408
505.0,0.042
506.0,0.0456
507.0,0.0339
508.0,0.0485
509.0,0.0355
510.0,0.0319
511.0,0.0454
512.0,0.0359
513.0,0.0452
514.0,0.055
515.0,0.0384
516.0,0.0421
517.0,0.0393
518.0,0.0499
519.0,0.0245
520.0,0.0376
521.0,0.0475
522.0,0.0399
523.0,0.0475
524.0,0.0491
525.0,0.0433
526.0,0.0407
527.0,0.0372
528.0,0.0622
529.0,0.0342
530.0,0.0444
531.0,0.0405
532.0,0.0383
533.0,0.0303
534.0,0.0373
535.0,0.0678
536.0,0.0408
537.0,0.0474
538.0,0.0455
539.0,0.077
540.0,0.0362
541.0,0.0317
542.0,0.0434
543.0,0.0395
544.0,0.0443
545.0,0.0374
546.0,0.0529
547.0,0.0445
548.0,0.0353
549.0,0.0547
550.0,0.0416
551.0,0.0414
552.0,0.0422
553.0,0.0394
554.0,0.0321
555.0,0.0446
556.0,0.04
557.0,0.0383
558.0,0.0352
559.0,0.0405
560.0,0.0499
561.0,0.0276
562.0,0.0591
563.0,0.0379
564.0,0.0387
565.0,0.0453
566.0,0.0471
567.0,0.0395
568.0,0.034
569.0,0.0637
570.0,0.0409
571.0,0.0386
572.0,0.0406
573.0,0.0412
574.0,0.0313
575.0,0.0312
576.0,0.0529
577.0,0.0471
578.0,0.0434
579.0,0.0333
580.0,0.055
581.0,0.0529
582.0,0.0592
583.0,0.0384
584.0,0.0514
585.0,0.0435
586.0,0.0509
587.0,0.0286
588.0,0.0284
589.0,0.039
590.0,0.0451
591.0,0.036
592.0,0.0522
593.0,0.043
594.0,0.0424
595.0,0.0568
596.0,0.0473
597.0,0.046
598.0,0.0574
599.0,0.0446
600.0,0.0453
601.0,0.0334
602.0,0.0321
603.0,0.0289
604.0,0.0382
605.0,0.0328
606.0,0.041
607.0,0.0393
608.0,0.0336
609.0,0.0324
610.0,0.0289
611.0,0.0369
612.0,0.0358
613.0,0.0412
614.0,0.0425
615.0,0.0398
616.0,0.0343
617.0,0.0349
618.0,0.0354
619.0,0.05
620.0,0.0392
621.0,0.0484
622.0,0.0351
623.0,0.0502
624.0,0.0415
625.0,0.046
626.0,0.0425
627.0,0.0362
628.0,0.0447
629.0,0.0389
630.0,0.0408
631.0,0.0324
632.0,0.0359
633.0,0.0451
634.0,0.0643
635.0,0.0451
636.0,0.0434
637.0,0.0343
638.0,0.0366
639.0,0.0431
640.0,0.0345
641.0,0.038
642.0,0.0426
643.0,0.0437
644.0,0.0561
645.0,0.0388
646.0,0.0442
647.0,0.0501
648.0,0.0393
649.0,0.0363
650.0,0.0366
651.0,0.0355
652.0,0.0444
653.0,0.0447
654.0,0.0336
655.0,0.0571
656.0,0.0394
657.0,0.0508
658.0,0.0391
659.0,0.0463
660.0,0.0314
661.0,0.033
662.0,0.0374
663.0,0.0425
664.0,0.0347
665.0,0.0442
666.0,0.036
667.0,0.0473
668.0,0.047
669.0,0.0406
670.0,0.0297
671.0,0.0547
672.0,0.0276
673.0,0.0469
674.0,0.0293
675.0,0.0441
676.0,0.0389
677.0,0.0394
678.0,0.0348
679.0,0.0471
680.0,0.0402
681.0,0.0329
682.0,0.0343
683.0,0.0396
684.0,0.0297
685.0,0.0407
686.0,0.0401
687.0,0.0346
688.0,0.061
689.0,0.0353
690.0,0.0495
691.0,0.0406
692.0,0.0483
693.0,0.0399
694.0,0.0305
695.0,0.0374
696.0,0.0383
697.0,0.0495
698.0,0.0408
699.0,0.0507
700.0,0.0358
701.0,0.0406
702.0,0.0415
703.0,0.0426
704.0,0.0404
705.0,0.0326
706.0,0.0331
707.0,0.0365
708.0,0.0422
709.0,0.0443
710.0,0.038
711.0,0.0358
712.0,0.0443
713.0,0.0428
714.0,0.0575
715.0,0.0332
716.0,0.0519
717.0,0.0366
718.0,0.0411
719.0,0.0442
720.0,0.0449
721.0,0.0418
722.0,0.0461
723.0,0.0371
724.0,0.0371
725.0,0.0535
726.0,0.0387
727.0,0.0491
728.0,0.0321
729.0,0.0411
730.0,0.0371
731.0,0.0479
732.0,0.0469
733.0,0.0412
734.0,0.0318
735.0,0.0486
736.0,0.0528
737.0,0.0309
738.0,0.0507
739.0,0.0372
740.0,0.0439
741.0,0.0373
742.0,0.0372
743.0,0.0378
744.0,0.0437
745.0,0.0379
746.0,0.0406
747.0,0.0309
748.0,0.0314
749.0,0.0325
750.0,0.0376
751.0,0.0383
752.0,0.038
753.0,0.0466
754.0,0.0343
755.0,0.0367
756.0,0.0453
757.0,0.0377
758.0,0.045
759.0,0.0333
760.0,0.0582
761.0,0.0308
762.0,0.0351
763.0,0.0472
764.0,0.0336
765.0,0.0358
766.0,0.0349
767.0,0.0463
768.0,0.04
769.0,0.0358
770.0,0.0394
771.0,0.0374
772.0,0.03
773.0,0.0455
774.0,0.0453
775.0,0.0396
776.0,0.0415
777.0,0.0458
778.0,0.0513
779.0,0.0512
780.0,0.0315
781.0,0.0337
782.0,0.0375
783.0,0.0471
784.0,0.0427
785.0,0.038
786.0,0.0439
787.0,0.0599
788.0,0.0411
789.0,0.0583
790.0,0.038
791.0,0.0394
792.0,0.026
793.0,0.0349
794.0,0.0505
795.0,0.0576
796.0,0.0459
797.0,0.0429
798.0,0.0383
799.0,0.038
800.0,0.0434
801.0,0.0402
802.0,0.0392
803.0,0.0338
804.0,0.0742
805.0,0.0334
806.0,0.0341
807.0,0.0414
808.0,0.0497
809.0,0.0272
810.0,0.0492
811.0,0.0448
812.0,0.0463
813.0,0.0408
814.0,0.0443
815.0,0.0413
816.0,0.0299
817.0,0.0371
818.0,0.0365
819.0,0.0468
820.0,0.049
821.0,0.0389
822.0,0.0325
823.0,0.0421
824.0,0.0414
825.0,0.0275
826.0,0.0381
827.0,0.03
828.0,0.0427
829.0,0.0447
830.0,0.0389
831.0,0.0416
832.0,0.0371
833.0,0.038
834.0,0.0314
835.0,0.042
836.0,0.0319
837.0,0.0324
838.0,0.0412
839.0,0.0369
840.0,0.049
841.0,0.03
842.0,0.0367
843.0,0.0383
844.0,0.0484
845.0,0.0652
846.0,0.0294
847.0,0.036
848.0,0.0471
849.0,0.0315
850.0,0.05
851.0,0.034
852.0,0.0307
853.0,0.0444
854.0,0.0358
855.0,0.0293
856.0,0.0423
857.0,0.0338
858.0,0.036
859.0,0.0424
860.0,0.0385
861.0,0.0358
862.0,0.034
863.0,0.037
864.0,0.0363
865.0,0.03
866.0,0.0367
867.0,0.0348
868.0,0.0468
869.0,0.029
870.0,0.0412
871.0,0.0369
872.0,0.0388
873.0,0.0432
874.0,0.0518
875.0,0.0411
876.0,0.0473
877.0,0.0344
878.0,0.0361
879.0,0.0338
880.0,0.039
881.0,0.0417
882.0,0.037
883.0,0.0318
884.0,0.0317
885.0,0.0398
886.0,0.0408
887.0,0.0311
888.0,0.0393
889.0,0.0345
890.0,0.0369
891.0,0.0376
892.0,0.0549
893.0,0.0426
894.0,0.0335
895.0,0.0272
896.0,0.0324
897.0,0.0299
898.0,0.0352
899.0,0.0406
900.0,0.0353
901.0,0.0371
902.0,0.0458
903.0,0.0392
904.0,0.0368
905.0,0.0332
906.0,0.0419
907.0,0.0327
908.0,0.0367
909.0,0.0369
910.0,0.0237
911.0,0.0335
912.0,0.0275
913.0,0.037
914.0,0.0412
915.0,0.0273
916.0,0.042
917.0,0.0324
918.0,0.0417
919.0,0.045
920.0,0.0297
921.0,0.037
922.0,0.0364
923.0,0.0305
924.0,0.029
925.0,0.0388
926.0,0.0289
927.0,0.0394
928.0,0.0368
929.0,0.0324
930.0,0.0422
931.0,0.0389
932.0,0.0469
933.0,0.044
934.0,0.0312
935.0,0.0424
936.0,0.03
937.0,0.0395
938.0,0.0368
939.0,0.0448
940.0,0.0334
941.0,0.0548
942.0,0.0401
943.0,0.0401
944.0,0.035
945.0,0.0381
946.0,0.0346
947.0,0.0341
948.0,0.0356
949.0,0.0349
950.0,0.0459
951.0,0.0381
952.0,0.0423
953.0,0.057
954.0,0.0346
955.0,0.0262
956.0,0.0397
957.0,0.035
958.0,0.0366
959.0,0.0412
960.0,0.0378
961.0,0.037
962.0,0.0308
963.0,0.0358
964.0,0.0555
965.0,0.03
966.0,0.0383
967.0,0.0254
968.0,0.027
969.0,0.0412
970.0,0.0412
971.0,0.0393
972.0,0.0398
973.0,0.0441
974.0,0.0277
975.0,0.0433
976.0,0.0412
977.0,0.037
978.0,0.0344
979.0,0.042
980.0,0.04
981.0,0.0395
982.0,0.0366
983.0,0.0354
984.0,0.0399
985.0,0.0348
986.0,0.0411
987.0,0.0419
988.0,0.0326
989.0,0.0416
990.0,0.0443
991.0,0.0314
992.0,0.0529
993.0,0.0293
994.0,0.0482
995.0,0.0342
996.0,0.0372
997.0,0.0305
998.0,0.0306
999.0,0.0417
1000.0,0.0383
1001.0,0.0388
1002.0,0.0304
1003.0,0.0325
1004.0,0.0315
1005.0,0.0319
1006.0,0.0397
1007.0,0.0333
1008.0,0.0383
1009.0,0.0414
1010.0,0.0371
1011.0,0.0402
1012.0,0.041
1013.0,0.0519
1014.0,0.0656
1015.0,0.0303
1016.0,0.0296
1017.0,0.0368
1018.0,0.0426
1019.0,0.0337
1020.0,0.05
1021.0,0.0398
1022.0,0.0338
1023.0,0.0321
1024.0,0.0466
1025.0,0.041
1026.0,0.0332
1027.0,0.0374
1028.0,0.0342
1029.0,0.0458
1030.0,0.0281
1031.0,0.0397
1032.0,0.0324
1033.0,0.0359
1034.0,0.0337
1035.0,0.0324
1036.0,0.028
1037.0,0.0373
1038.0,0.0272
1039.0,0.036
1040.0,0.0341
1041.0,0.0304
1042.0,0.0289
1043.0,0.0372
1044.0,0.0416
1045.0,0.0453
1046.0,0.0345
1047.0,0.0321
1048.0,0.0426
1049.0,0.0446
1050.0,0.034
1051.0,0.0621
1052.0,0.0449
1053.0,0.0412
1054.0,0.0294
1055.0,0.0339
1056.0,0.0257
1057.0,0.0392
1058.0,0.0424
1059.0,0.0337
1060.0,0.0398
1061.0,0.0341
1062.0,0.0462
1063.0,0.0376
1064.0,0.0404
1065.0,0.0296
1066.0,0.044
1067.0,0.0337
1068.0,0.0353
1069.0,0.0432
1070.0,0.0345
1071.0,0.0427
1072.0,0.0248
1073.0,0.0432
1074.0,0.0367
1075.0,0.054
1076.0,0.0425
1077.0,0.0253
1078.0,0.0389
1079.0,0.0383
1080.0,0.0361
1081.0,0.0446
1082.0,0.0419
1083.0,0.0323
1084.0,0.0401
1085.0,0.0442
1086.0,0.0319
1087.0,0.0378
1088.0,0.0459
1089.0,0.0289
1090.0,0.0509
1091.0,0.0292
1092.0,0.0288
1093.0,0.0277
1094.0,0.0296
1095.0,0.038
1096.0,0.0355
1097.0,0.0366
1098.0,0.0457
1099.0,0.0326
1100.0,0.0355
1101.0,0.0424
1102.0,0.0318
1103.0,0.0293
1104.0,0.0464
1105.0,0.039
1106.0,0.0292
1107.0,0.0361
1108.0,0.0401
1109.0,0.0314
1110.0,0.0363
1111.0,0.0333
1112.0,0.032
1113.0,0.035
1114.0,0.0229
1115.0,0.0356
1116.0,0.0253
1117.0,0.0222
1118.0,0.0256
1119.0,0.0359
1120.0,0.0257
1121.0,0.0264
1122.0,0.0306
1123.0,0.0362
1124.0,0.0337
1125.0,0.0257
1126.0,0.0358
1127.0,0.0267
1128.0,0.0303
1129.0,0.0409
1130.0,0.0306
1131.0,0.0333
1132.0,0.0472
1133.0,0.0415
1134.0,0.0288
1135.0,0.0414
1136.0,0.0254
1137.0,0.0434
1138.0,0.0314
1139.0,0.0358
1140.0,0.0363
1141.0,0.0329
1142.0,0.039
1143.0,0.0304
1144.0,0.0595
1145.0,0.0354
1146.0,0.0426
1147.0,0.0372
1148.0,0.0422
1149.0,0.0341
1150.0,0.0281
1151.0,0.0377
1152.0,0.0306
1153.0,0.0309
1154.0,0.034
1155.0,0.0425
1156.0,0.0405
1157.0,0.0315
1158.0,0.047
1159.0,0.0345
1160.0,0.0386
1161.0,0.0411
1162.0,0.0463
1163.0,0.0285
1164.0,0.0329
1165.0,0.0298
1166.0,0.0392
1167.0,0.0464
1168.0,0.0325
1169.0,0.0454
1170.0,0.044
1171.0,0.0474
1172.0,0.0299
1173.0,0.0467
1174.0,0.029
1175.0,0.0333
1176.0,0.026
1177.0,0.0565
1178.0,0.034
1179.0,0.0384
1180.0,0.0305
1181.0,0.0396
1182.0,0.0278
1183.0,0.0363
1184.0,0.0389
1185.0,0.0322
1186.0,0.052
1187.0,0.0562
1188.0,0.0316
1189.0,0.0359
1190.0,0.0301
1191.0,0.0389
1192.0,0.0662
1193.0,0.0371
1194.0,0.0476
1195.0,0.0505
1196.0,0.0296
1197.0,0.0435
1198.0,0.0303
1199.0,0.0358
1200.0,0.0296
1201.0,0.0584
1202.0,0.0426
1203.0,0.0333
1204.0,0.0357
1205.0,0.0224
1206.0,0.0358
1207.0,0.0388
1208.0,0.05
1209.0,0.0295
1210.0,0.0374
1211.0,0.0371
1212.0,0.0321
1213.0,0.0252
1214.0,0.0355
1215.0,0.0456
1216.0,0.0513
1217.0,0.0311
1218.0,0.0391
1219.0,0.0424
1220.0,0.0336
1221.0,0.0459
1222.0,0.0373
1223.0,0.0477
1224.0,0.0269
1225.0,0.0309
1226.0,0.0371
1227.0,0.0359
1228.0,0.0378
1229.0,0.0328
1230.0,0.0371
1231.0,0.0293
1232.0,0.0473
1233.0,0.0454
1234.0,0.0392
1235.0,0.0346
1236.0,0.0338
1237.0,0.0266
1238.0,0.0391
1239.0,0.0314
1240.0,0.0343
1241.0,0.0354
1242.0,0.0311
1243.0,0.0367
1244.0,0.0376
1245.0,0.0318
1246.0,0.0294
1247.0,0.0418
1248.0,0.0329
1249.0,0.0305
1250.0,0.0444
1251.0,0.039
1252.0,0.0408
1253.0,0.0324
1254.0,0.0324
1255.0,0.0371
1256.0,0.0495
1257.0,0.036
1258.0,0.037
1259.0,0.034
1260.0,0.0316
1261.0,0.03
1262.0,0.0358
1263.0,0.0317
1264.0,0.0292
1265.0,0.0283
1266.0,0.0304
1267.0,0.0254
1268.0,0.0342
1269.0,0.041
1270.0,0.035
1271.0,0.0272
1272.0,0.0319
1273.0,0.0371
1274.0,0.0327
1275.0,0.0439
1276.0,0.0281
1277.0,0.0278
1278.0,0.0404
1279.0,0.0222
1280.0,0.0379
1281.0,0.0292
1282.0,0.0358
1283.0,0.0285
1284.0,0.0284
1285.0,0.0326
1286.0,0.0383
1287.0,0.027
1288.0,0.0347
1289.0,0.0344
1290.0,0.0362
1291.0,0.038
1292.0,0.0298
1293.0,0.0313
1294.0,0.0302
1295.0,0.0393
1296.0,0.0411
1297.0,0.0377
1298.0,0.0341
1299.0,0.045
1300.0,0.0284
1301.0,0.0364
1302.0,0.0386
1303.0,0.0367
1304.0,0.0373
1305.0,0.0258
1306.0,0.0322
1307.0,0.0279
1308.0,0.0336
1309.0,0.0383
1310.0,0.0326
1311.0,0.0371
1312.0,0.0371
1313.0,0.0224
1314.0,0.0315
1315.0,0.0389
1316.0,0.0327
1317.0,0.0319
1318.0,0.0472
1319.0,0.028
1320.0,0.0437
1321.0,0.0371
1322.0,0.039
1323.0,0.0266
1324.0,0.0321
1325.0,0.0247
1326.0,0.0305
1327.0,0.0404
1328.0,0.0319
1329.0,0.034
1330.0,0.0406
1331.0,0.0456
1332.0,0.041
1333.0,0.0286
1334.0,0.038
1335.0,0.0364
1336.0,0.0397
1337.0,0.0286
1338.0,0.0327
1339.0,0.0391
1340.0,0.0323
1341.0,0.0358
1342.0,0.0295
1343.0,0.0311
1344.0,0.0342
1345.0,0.0372
1346.0,0.0322
1347.0,0.0364
1348.0,0.0292
1349.0,0.0391
1350.0,0.0243
1351.0,0.0363
1352.0,0.0314
1353.0,0.0471
1354.0,0.0262
1355.0,0.0339
1356.0,0.0297
1357.0,0.0414
1358.0,0.0325
1359.0,0.0344
1360.0,0.0399
1361.0,0.0347
1362.0,0.0415
1363.0,0.0297
1364.0,0.0282
1365.0,0.0321
1366.0,0.0373
1367.0,0.0333
1368.0,0.0256
1369.0,0.0455
1370.0,0.0321
1371.0,0.0297
1372.0,0.0357
1373.0,0.0256
1374.0,0.0281
1375.0,0.0391
1376.0,0.0366
1377.0,0.0325
1378.0,0.0339
1379.0,0.0305
1380.0,0.0579
1381.0,0.0398
1382.0,0.0486
1383.0,0.0391
1384.0,0.0403
1385.0,0.0429
1386.0,0.033
1387.0,0.0313
1388.0,0.0377
1389.0,0.0445
1390.0,0.0357
1391.0,0.0314
1392.0,0.0315
1393.0,0.0458
1394.0,0.0361
1395.0,0.0366
1396.0,0.0267
1397.0,0.0343
1398.0,0.0335
1399.0,0.0384
1400.0,0.0443
1401.0,0.0353
1402.0,0.0274
1403.0,0.0283
1404.0,0.0331
1405.0,0.028
1406.0,0.0333
1407.0,0.0322
1408.0,0.0429
1409.0,0.0248
1410.0,0.0394
1411.0,0.0259
1412.0,0.0281
1413.0,0.0381
1414.0,0.0334
1415.0,0.0285
1416.0,0.0305
1417.0,0.0242
1418.0,0.0369
1419.0,0.0458
1420.0,0.0356
1421.0,0.0223
1422.0,0.0334
1423.0,0.0339
1424.0,0.0286
1425.0,0.0436
1426.0,0.0387
1427.0,0.032
1428.0,0.031
1429.0,0.0346
1430.0,0.0357
1431.0,0.0391
1432.0,0.0289
1433.0,0.0347
1434.0,0.043
1435.0,0.0389
1436.0,0.0318
1437.0,0.0451
1438.0,0.034
1439.0,0.0357
1440.0,0.0347
1441.0,0.0279
1442.0,0.0418
1443.0,0.0295
1444.0,0.0325
1445.0,0.0373
1446.0,0.0412
1447.0,0.0352
1448.0,0.0284
1449.0,0.0328
1450.0,0.0253
1451.0,0.0387
1452.0,0.037
1453.0,0.0394
1454.0,0.0392
1455.0,0.0299
1456.0,0.039
1457.0,0.0383
1458.0,0.0261
1459.0,0.0433
1460.0,0.0226
1461.0,0.0373
1462.0,0.044
1463.0,0.0326
1464.0,0.0352
1465.0,0.0328
1466.0,0.0329
1467.0,0.0342
1468.0,0.0331
1469.0,0.0363
1470.0,0.0342
1471.0,0.033
1472.0,0.0339
1473.0,0.0283
1474.0,0.0335
1475.0,0.0337
1476.0,0.0363
1477.0,0.0413
1478.0,0.0336
1479.0,0.0287
1480.0,0.0396
1481.0,0.0324
1482.0,0.0368
1483.0,0.0395
1484.0,0.0421
1485.0,0.0378
1486.0,0.0267
1487.0,0.0262
1488.0,0.0398
1489.0,0.0311
1490.0,0.03
1491.0,0.0366
1492.0,0.0262
1493.0,0.0393
1494.0,0.0333
1495.0,0.0397
1496.0,0.0255
1497.0,0.0414
1498.0,0.0287
1499.0,0.0408
1500.0,0.0428
1501.0,0.0237
1502.0,0.034
1503.0,0.032
1504.0,0.0376
1505.0,0.0358
1506.0,0.0412
1507.0,0.0411
1508.0,0.0332
1509.0,0.0365
1510.0,0.0272
1511.0,0.0322
1512.0,0.0318
1513.0,0.0304
1514.0,0.0338
1515.0,0.0395
1516.0,0.0377
1517.0,0.0317
1518.0,0.0429
1519.0,0.0279
1520.0,0.0374
1521.0,0.047
1522.0,0.0362
1523.0,0.0484
1524.0,0.0524
1525.0,0.0471
1526.0,0.0321
1527.0,0.0256
1528.0,0.0427
1529.0,0.0283
1530.0,0.0341
1531.0,0.0237
1532.0,0.0333
1533.0,0.0289
1534.0,0.0392
1535.0,0.0328
1536.0,0.0333
1537.0,0.031
1538.0,0.0442
1539.0,0.0236
1540.0,0.0355
1541.0,0.0324
1542.0,0.0542
1543.0,0.0489
1544.0,0.0386
1545.0,0.0334
1546.0,0.0243
1547.0,0.0394
1548.0,0.0405
1549.0,0.0333
1550.0,0.0442
1551.0,0.0229
1552.0,0.0318
1553.0,0.0473
1554.0,0.0445
1555.0,0.0301
1556.0,0.0465
1557.0,0.0369
1558.0,0.0391
1559.0,0.0316
1560.0,0.0297
1561.0,0.0375
1562.0,0.0263
1563.0,0.0312
1564.0,0.0307
1565.0,0.03
1566.0,0.0365
1567.0,0.0351
1568.0,0.0319
1569.0,0.0336
1570.0,0.0306
1571.0,0.0409
1572.0,0.0355
1573.0,0.0255
1574.0,0.0285
1575.0,0.0431
1576.0,0.0389
1577.0,0.0403
1578.0,0.0375
1579.0,0.049
1580.0,0.0415
1581.0,0.027
1582.0,0.0373
1583.0,0.0337
1584.0,0.031
1585.0,0.0438
1586.0,0.0277
1587.0,0.0245
1588.0,0.026
1589.0,0.03
1590.0,0.0331
1591.0,0.0277
1592.0,0.0336
1593.0,0.0344
1594.0,0.0352
1595.0,0.0277
1596.0,0.0331
1597.0,0.0345
1598.0,0.0289
1599.0,0.0308
1600.0,0.0313
1601.0,0.0309
1602.0,0.0357
1603.0,0.0353
1604.0,0.034
1605.0,0.0252
1606.0,0.0267
1607.0,0.0334
1608.0,0.0333
1609.0,0.0309
1610.0,0.0273
1611.0,0.0375
1612.0,0.0289
1613.0,0.0414
1614.0,0.0314
1615.0,0.0311
1616.0,0.0317
1617.0,0.0339
1618.0,0.0378
1619.0,0.04
1620.0,0.0368
1621.0,0.0375
1622.0,0.0336
1623.0,0.0248
1624.0,0.0312
1625.0,0.0327
1626.0,0.0274
1627.0,0.0234
1628.0,0.0252
1629.0,0.0234
1630.0,0.0342
1631.0,0.04
1632.0,0.0294
1633.0,0.0323
1634.0,0.0345
1635.0,0.0437
1636.0,0.0388
1637.0,0.0253
1638.0,0.0259
1639.0,0.0366
1640.0,0.0462
1641.0,0.0294
1642.0,0.0375
1643.0,0.0394
1644.0,0.0294
1645.0,0.0395
1646.0,0.0356
1647.0,0.0366
1648.0,0.0464
1649.0,0.0335
1650.0,0.0466
1651.0,0.0247
1652.0,0.0265
1653.0,0.0317
1654.0,0.026
1655.0,0.0303
1656.0,0.0253
1657.0,0.0324
1658.0,0.0304
1659.0,0.0334
1660.0,0.0501
1661.0,0.0316
1662.0,0.0352
1663.0,0.0332
1664.0,0.0432
1665.0,0.0516
1666.0,0.035
1667.0,0.0396
1668.0,0.0296
1669.0,0.0273
1670.0,0.0257
1671.0,0.0397
1672.0,0.0324
1673.0,0.0449
1674.0,0.0461
1675.0,0.0248
1676.0,0.0324
1677.0,0.0395
1678.0,0.0348
1679.0,0.0297
1680.0,0.032
1681.0,0.0337
1682.0,0.0263
1683.0,0.03
1684.0,0.0293
1685.0,0.0408
1686.0,0.038
1687.0,0.032
1688.0,0.0303
1689.0,0.0323
1690.0,0.0394
1691.0,0.0408
1692.0,0.0371
1693.0,0.0398
1694.0,0.0308
1695.0,0.0408
1696.0,0.0299
1697.0,0.0328
1698.0,0.0246
1699.0,0.023
1700.0,0.0244
1701.0,0.0317
1702.0,0.0314
1703.0,0.0347
1704.0,0.0351
1705.0,0.0351
1706.0,0.0265
1707.0,0.0225
1708.0,0.0267
1709.0,0.0317
1710.0,0.0397
1711.0,0.0378
1712.0,0.0281
1713.0,0.0419
1714.0,0.0293
1715.0,0.0343
1716.0,0.0327
1717.0,0.0215
1718.0,0.0348
1719.0,0.033
1720.0,0.0357
1721.0,0.0436
1722.0,0.0332
1723.0,0.0325
1724.0,0.0383
1725.0,0.0271
1726.0,0.0408
1727.0,0.0261
1728.0,0.036
1729.0,0.0325
1730.0,0.0272
1731.0,0.036
1732.0,0.038
1733.0,0.0286
1734.0,0.0444
1735.0,0.0295
1736.0,0.0359
1737.0,0.0308
1738.0,0.0465
1739.0,0.0351
1740.0,0.0491
1741.0,0.0323
1742.0,0.0286
1743.0,0.0448
1744.0,0.0293
1745.0,0.0422
1746.0,0.0401
1747.0,0.0263
1748.0,0.0313
1749.0,0.033
1750.0,0.0319
1751.0,0.0383
1752.0,0.0273
1753.0,0.029
1754.0,0.0293
1755.0,0.0354
1756.0,0.0316
1757.0,0.0371
1758.0,0.0344
1759.0,0.0333
1760.0,0.0297
1761.0,0.0276
1762.0,0.025
1763.0,0.0293
1764.0,0.052
1765.0,0.0306
1766.0,0.0445
1767.0,0.0408
1768.0,0.0358
1769.0,0.0331
1770.0,0.0371
1771.0,0.0373
1772.0,0.0328
1773.0,0.0432
1774.0,0.0311
1775.0,0.0338
1776.0,0.0351
1777.0,0.0363
1778.0,0.0283
1779.0,0.024
1780.0,0.0463
1781.0,0.0345
1782.0,0.0368
1783.0,0.0257
1784.0,0.0348
1785.0,0.0367
1786.0,0.0285
1787.0,0.04
1788.0,0.0427
1789.0,0.0447
1790.0,0.0286
1791.0,0.0232
1792.0,0.04
1793.0,0.0278
1794.0,0.0357
1795.0,0.0333
1796.0,0.0326
1797.0,0.0339
1798.0,0.0375
1799.0,0.0305
1800.0,0.0241
1801.0,0.0295
1802.0,0.0223
1803.0,0.0387
1804.0,0.0416
1805.0,0.0346
1806.0,0.0312
1807.0,0.0262
1808.0,0.0374
1809.0,0.0386
1810.0,0.0321
1811.0,0.0416
1812.0,0.0309
1813.0,0.0332
1814.0,0.035
1815.0,0.0337
1816.0,0.0402
1817.0,0.0334
1818.0,0.0242
1819.0,0.0432
1820.0,0.0494
1821.0,0.0366
1822.0,0.0276
1823.0,0.0368
1824.0,0.0345
1825.0,0.041
1826.0,0.0407
1827.0,0.0382
1828.0,0.028
1829.0,0.0442
1830.0,0.0508
1831.0,0.0342
1832.0,0.0312
1833.0,0.0467
1834.0,0.0358
1835.0,0.0332
1836.0,0.0368
1837.0,0.0301
1838.0,0.032
1839.0,0.0347
1840.0,0.0347
1841.0,0.0246
1842.0,0.0408
1843.0,0.0303
1844.0,0.0281
1845.0,0.0283
1846.0,0.028
1847.0,0.0416
1848.0,0.0253
1849.0,0.0191
1850.0,0.0375
1851.0,0.0343
1852.0,0.0269
1853.0,0.0334
1854.0,0.0283
1855.0,0.037
1856.0,0.0293
1857.0,0.029
1858.0,0.0339
1859.0,0.0323
1860.0,0.0372
1861.0,0.0335
1862.0,0.03
1863.0,0.0311
1864.0,0.0272
1865.0,0.0328
1866.0,0.0345
1867.0,0.0358
1868.0,0.0246
1869.0,0.0314
1870.0,0.0372
1871.0,0.0333
1872.0,0.0233
1873.0,0.0281
1874.0,0.0297
1875.0,0.0368
1876.0,0.0323
1877.0,0.0341
1878.0,0.0306
1879.0,0.0271
1880.0,0.0362
1881.0,0.0249
1882.0,0.0266
1883.0,0.0278
1884.0,0.0325
1885.0,0.0326
1886.0,0.0291
1887.0,0.0266
1888.0,0.0312
1889.0,0.0348
1890.0,0.0311
1891.0,0.0247
1892.0,0.0295
1893.0,0.0348
1894.0,0.0344
1895.0,0.0264
1896.0,0.0301
1897.0,0.0276
1898.0,0.0272
1899.0,0.0338
1900.0,0.0357
1901.0,0.0251
1902.0,0.0423
1903.0,0.0445
1904.0,0.0449
1905.0,0.0389
1906.0,0.0271
1907.0,0.0333
1908.0,0.0379
1909.0,0.0411
1910.0,0.0313
1911.0,0.0276
1912.0,0.042
1913.0,0.0298
1914.0,0.0344
1915.0,0.033
1916.0,0.0297
1917.0,0.0251
1918.0,0.0241
1919.0,0.0394
1920.0,0.0259
1921.0,0.0441
1922.0,0.032
1923.0,0.0355
1924.0,0.0367
1925.0,0.0341
1926.0,0.04
1927.0,0.0288
1928.0,0.0298
1929.0,0.0475
1930.0,0.0329
1931.0,0.0445
1932.0,0.0301
1933.0,0.0299
1934.0,0.0245
1935.0,0.0306
1936.0,0.0251
1937.0,0.038
1938.0,0.0284
1939.0,0.033
1940.0,0.0385
1941.0,0.0382
1942.0,0.028
1943.0,0.0394
1944.0,0.026
1945.0,0.0351
1946.0,0.0313
1947.0,0.021
1948.0,0.0329
1949.0,0.0422
1950.0,0.033
1951.0,0.0251
1952.0,0.0255
1953.0,0.0318
1954.0,0.0292
1955.0,0.0305
1956.0,0.0315
1957.0,0.0303
1958.0,0.031
1959.0,0.0303
1960.0,0.0355
1961.0,0.0283
1962.0,0.0432
1963.0,0.0341
1964.0,0.029
1965.0,0.0287
1966.0,0.032
1967.0,0.0319
1968.0,0.033
1969.0,0.0315
1970.0,0.0331
1971.0,0.0325
1972.0,0.0357
1973.0,0.0327
1974.0,0.0259
1975.0,0.0371
1976.0,0.0273
1977.0,0.0311
1978.0,0.0403
1979.0,0.0324
1980.0,0.0336
1981.0,0.0399
1982.0,0.0389
1983.0,0.0321
1984.0,0.0288
1985.0,0.0448
1986.0,0.035
1987.0,0.0472
1988.0,0.0306
1989.0,0.0435
1990.0,0.0476
1991.0,0.0286
1992.0,0.0359
1993.0,0.0454
1994.0,0.0243
1995.0,0.0202
1996.0,0.0308
1997.0,0.0252
1998.0,0.0292
1999.0,0.0331
